divisie,team1,team2,datum,scheidsrechter,stadion,bezoekersaantal,uitslag,overtredingen
Talent League,Ammerzoden BC,Panathinaikos BC,13/01/2023,Kuijpers,The Palace of Auburn Hills,24119,134-155,2
Talent League,Ammerzoden BC,Olympiakos Piraeus BC,01/01/2023,Rademaker,Haghorst Stadion,22644,55-105,4
Talent League,Ammerzoden BC,Veeningen BC,28/12/2022,Hulskes,Oosterhesselen Stadium,41298,165-102,7
Talent League,Ammerzoden BC,Milwaukee Bucks,30/12/2022,Janssen,Houten Stadium,40438,117-94,0
Talent League,Ammerzoden BC,Golden State Warriors,27/12/2022,van der Flaas,The Palace of Auburn Hills,37333,168-179,9
Talent League,Ammerzoden BC,BC Blokker,17/01/2023,Rademaker,Madison Square Garden,54946,1-112,10
Talent League,Ammerzoden BC,Someren CSKA,15/01/2023,van Daal,Houten Stadium,33650,84-141,0
Talent League,Ammerzoden BC,Nijeberkoop CSKA,14/01/2023,Rademaker,Obdam Arena,32056,140-57,6
Talent League,Ammerzoden BC,Barendrecht BC,02/01/2023,Hulskes,Wierum Park,38572,153-105,27
Talent League,Ammerzoden BC,Maccabi Electra Tel Aviv BC,29/12/2022,Janssen,Holwerd Stadion,46486,90-104,3
Talent League,Ammerzoden BC,Haaren BC,28/12/2022,Rademaker,Wierum Park,22580,156-156,0
Talent League,Ammerzoden BC,Noordhorn CSKA,15/01/2023,Rademaker,KFC Yum! Center,24113,152-173,9
Talent League,Ammerzoden BC,Dinamo Eygelshoven,02/01/2023,Kuijpers,"United Center, Chicago",29750,144-140,3
Talent League,Ammerzoden BC,CSKA Moskou,11/01/2023,van der Strigt,Winterswijk Ratum Stadium,3530,74-79,7
Talent League,Ammerzoden BC,Heteren BC,08/01/2023,Rademaker,Steyl Olympic Stadium,10617,182-108,1
Talent League,Ammerzoden BC,Boston Celtics,18/01/2023,van der Strigt,Philippine Arena,57177,29-5,0
Talent League,Ammerzoden BC,NY Knicks,19/01/2023,Kuijpers,Visvliet Arena,28643,50-130,94
Talent League,Ammerzoden BC,Dinamo Wehe-den Hoorn,17/01/2023,Langevoort,Madison Square Garden,41215,172-98,4
Talent League,Ammerzoden BC,Los Angeles Lakers,16/01/2023,de Graaf,"Rocket Mortgage FieldHouse, Cleveland",51764,88-127,3
Talent League,Panathinaikos BC,Ammerzoden BC,29/12/2022,Hulskes,Steyl Olympic Stadium,21718,12-52,0
Talent League,Panathinaikos BC,Olympiakos Piraeus BC,03/01/2023,van Daal,Philippine Arena,3535,121-189,9
Talent League,Panathinaikos BC,Veeningen BC,03/01/2023,Janssen,Holwerd Stadion,51554,66-129,1
Talent League,Panathinaikos BC,Milwaukee Bucks,28/12/2022,Rademaker,Megen Arena,55905,5-27,2
Talent League,Panathinaikos BC,Golden State Warriors,19/01/2023,van der Flaas,"United Center, Chicago",19824,64-146,7
Talent League,Panathinaikos BC,BC Blokker,15/01/2023,Janssen,Obdam Arena,16747,46-146,0
Talent League,Panathinaikos BC,Someren CSKA,04/01/2023,Hulskes,Visvliet Arena,15146,180-106,0
Talent League,Panathinaikos BC,Nijeberkoop CSKA,31/12/2022,Langevoort,Haghorst Stadion,32529,114-59,3
Talent League,Panathinaikos BC,Barendrecht BC,09/01/2023,Kuijpers,Beerta Park,52571,22-176,3
Talent League,Panathinaikos BC,Maccabi Electra Tel Aviv BC,05/01/2023,Langevoort,Steyl Olympic Stadium,36094,169-44,3
Talent League,Panathinaikos BC,Haaren BC,08/01/2023,Janssen,Houten Stadium,15843,89-159,6
Talent League,Panathinaikos BC,Noordhorn CSKA,21/01/2023,van der Strigt,Madison Square Garden,16000,78-132,2
Talent League,Panathinaikos BC,Dinamo Eygelshoven,21/01/2023,Hulskes,Terkaple Arena,11974,138-135,8
Talent League,Panathinaikos BC,CSKA Moskou,16/01/2023,Langevoort,"Rocket Mortgage FieldHouse, Cleveland",24067,153-128,15
Talent League,Panathinaikos BC,Heteren BC,17/01/2023,van der Flaas,Holwerd Stadion,11557,113-29,0
Talent League,Panathinaikos BC,Boston Celtics,09/01/2023,van Daal,Wierum Park,5321,160-110,0
Talent League,Panathinaikos BC,NY Knicks,20/01/2023,Langevoort,Madison Square Garden,9259,36-108,9
Talent League,Panathinaikos BC,Dinamo Wehe-den Hoorn,06/01/2023,van der Strigt,Winterswijk Ratum Stadium,32130,24-95,1
Talent League,Panathinaikos BC,Los Angeles Lakers,07/01/2023,Hulskes,Beerta Park,57307,32-38,5
Talent League,Olympiakos Piraeus BC,Ammerzoden BC,01/01/2023,Rademaker,Oosterhesselen Stadium,29737,12-7,6
Talent League,Olympiakos Piraeus BC,Panathinaikos BC,01/01/2023,Langevoort,The Palace of Auburn Hills,11877,15-128,1
Talent League,Olympiakos Piraeus BC,Veeningen BC,09/01/2023,de Graaf,Houten Stadium,41941,98-186,43
Talent League,Olympiakos Piraeus BC,Milwaukee Bucks,03/01/2023,Rademaker,Terkaple Arena,21262,43-5,9
Talent League,Olympiakos Piraeus BC,Golden State Warriors,28/12/2022,van der Flaas,Ubbena Arena,41341,29-18,0
Talent League,Olympiakos Piraeus BC,BC Blokker,08/01/2023,van der Strigt,"United Center, Chicago",53298,82-47,5
Talent League,Olympiakos Piraeus BC,Someren CSKA,09/01/2023,de Graaf,Madison Square Garden,8822,68-157,7
Talent League,Olympiakos Piraeus BC,Nijeberkoop CSKA,04/01/2023,Rademaker,Steyl Olympic Stadium,33434,185-6,2
Talent League,Olympiakos Piraeus BC,Barendrecht BC,20/01/2023,Rademaker,"United Center, Chicago",37847,181-100,7
Talent League,Olympiakos Piraeus BC,Maccabi Electra Tel Aviv BC,11/01/2023,van Daal,Haghorst Stadion,34892,104-36,5
Talent League,Olympiakos Piraeus BC,Haaren BC,29/12/2022,Rademaker,Megen Arena,21653,199-100,2
Talent League,Olympiakos Piraeus BC,Noordhorn CSKA,06/01/2023,van Daal,Winterswijk Ratum Stadium,52421,174-3,0
Talent League,Olympiakos Piraeus BC,Dinamo Eygelshoven,11/01/2023,van der Flaas,KFC Yum! Center,54633,112-198,5
Talent League,Olympiakos Piraeus BC,CSKA Moskou,05/01/2023,Janssen,Visvliet Arena,40639,193-41,1
Talent League,Olympiakos Piraeus BC,Heteren BC,16/01/2023,van der Flaas,Steyl Olympic Stadium,27268,171-47,3
Talent League,Olympiakos Piraeus BC,Boston Celtics,19/01/2023,van Daal,Ubbena Arena,18592,137-164,2
Talent League,Olympiakos Piraeus BC,NY Knicks,19/01/2023,van der Strigt,KFC Yum! Center,15217,48-135,2
Talent League,Olympiakos Piraeus BC,Dinamo Wehe-den Hoorn,29/12/2022,Hulskes,Terkaple Arena,36217,112-13,2
Talent League,Olympiakos Piraeus BC,Los Angeles Lakers,15/01/2023,van der Strigt,The Palace of Auburn Hills,33073,3-82,12
Talent League,Veeningen BC,Ammerzoden BC,15/01/2023,van Daal,Visvliet Arena,6541,103-39,2
Talent League,Veeningen BC,Panathinaikos BC,01/01/2023,de Graaf,"Rocket Mortgage FieldHouse, Cleveland",41085,72-34,4
Talent League,Veeningen BC,Olympiakos Piraeus BC,21/01/2023,van der Strigt,Beerta Park,41193,72-51,2
Talent League,Veeningen BC,Milwaukee Bucks,27/12/2022,van der Strigt,KFC Yum! Center,59417,30-1,3
Talent League,Veeningen BC,Golden State Warriors,29/12/2022,van Daal,Visvliet Arena,15427,120-157,3
Talent League,Veeningen BC,BC Blokker,09/01/2023,van der Strigt,Madison Square Garden,59680,114-172,4
Talent League,Veeningen BC,Someren CSKA,12/01/2023,Janssen,Holwerd Stadion,32112,41-161,2
Talent League,Veeningen BC,Nijeberkoop CSKA,29/12/2022,Langevoort,KFC Yum! Center,33779,152-103,42
Talent League,Veeningen BC,Barendrecht BC,03/01/2023,de Graaf,Holwerd Stadion,37516,155-111,8
Talent League,Veeningen BC,Maccabi Electra Tel Aviv BC,03/01/2023,Kuijpers,Madison Square Garden,28465,132-3,3
Talent League,Veeningen BC,Haaren BC,26/12/2022,Hulskes,Oosterhesselen Stadium,48076,46-195,4
Talent League,Veeningen BC,Noordhorn CSKA,18/01/2023,van Daal,Holwerd Stadion,37339,9-63,6
Talent League,Veeningen BC,Dinamo Eygelshoven,08/01/2023,Janssen,Ubbena Arena,32026,150-182,1
Talent League,Veeningen BC,CSKA Moskou,04/01/2023,Langevoort,Haghorst Stadion,15743,129-51,2
Talent League,Veeningen BC,Heteren BC,10/01/2023,Langevoort,Haghorst Stadion,54467,73-160,2
Talent League,Veeningen BC,Boston Celtics,14/01/2023,de Graaf,Wierum Park,43523,23-199,3
Talent League,Veeningen BC,NY Knicks,03/01/2023,van der Flaas,Winterswijk Ratum Stadium,24975,44-33,5
Talent League,Veeningen BC,Dinamo Wehe-den Hoorn,11/01/2023,de Graaf,Megen Arena,3623,41-127,3
Talent League,Veeningen BC,Los Angeles Lakers,08/01/2023,Rademaker,Steyl Olympic Stadium,4594,128-58,2
Talent League,Milwaukee Bucks,Ammerzoden BC,08/01/2023,Janssen,Houten Stadium,55016,96-54,8
Talent League,Milwaukee Bucks,Panathinaikos BC,02/01/2023,Rademaker,Beerta Park,32313,95-60,2
Talent League,Milwaukee Bucks,Olympiakos Piraeus BC,03/01/2023,Kuijpers,"Rocket Mortgage FieldHouse, Cleveland",40444,32-86,3
Talent League,Milwaukee Bucks,Veeningen BC,18/01/2023,van der Strigt,Megen Arena,37627,29-155,9
Talent League,Milwaukee Bucks,Golden State Warriors,03/01/2023,Hulskes,Ubbena Arena,34767,101-192,75
Talent League,Milwaukee Bucks,BC Blokker,10/01/2023,Janssen,Oosterhesselen Stadium,29426,3-195,1
Talent League,Milwaukee Bucks,Someren CSKA,20/01/2023,Janssen,Megen Arena,15476,170-15,2
Talent League,Milwaukee Bucks,Nijeberkoop CSKA,01/01/2023,Rademaker,Madison Square Garden,50131,178-25,0
Talent League,Milwaukee Bucks,Barendrecht BC,03/01/2023,Rademaker,Houten Stadium,23856,138-120,3
Talent League,Milwaukee Bucks,Maccabi Electra Tel Aviv BC,17/01/2023,Rademaker,Haghorst Stadion,9437,29-22,10
Talent League,Milwaukee Bucks,Haaren BC,08/01/2023,de Graaf,Madison Square Garden,22713,149-3,5
Talent League,Milwaukee Bucks,Noordhorn CSKA,03/01/2023,Janssen,Oosterhesselen Stadium,26627,9-30,2
Talent League,Milwaukee Bucks,Dinamo Eygelshoven,18/01/2023,Hulskes,Beerta Park,26967,38-175,27
Talent League,Milwaukee Bucks,CSKA Moskou,28/12/2022,van der Strigt,Wierum Park,7726,67-69,9
Talent League,Milwaukee Bucks,Heteren BC,02/01/2023,Langevoort,KFC Yum! Center,43183,107-162,3
Talent League,Milwaukee Bucks,Boston Celtics,09/01/2023,Rademaker,Haghorst Stadion,56656,100-136,4
Talent League,Milwaukee Bucks,NY Knicks,02/01/2023,Langevoort,Houten Stadium,3702,171-19,10
Talent League,Milwaukee Bucks,Dinamo Wehe-den Hoorn,30/12/2022,Janssen,Haghorst Stadion,18629,7-30,1
Talent League,Milwaukee Bucks,Los Angeles Lakers,31/12/2022,Rademaker,KFC Yum! Center,23692,79-15,5
Talent League,Golden State Warriors,Ammerzoden BC,10/01/2023,Janssen,Winterswijk Ratum Stadium,17960,146-127,9
Talent League,Golden State Warriors,Panathinaikos BC,09/01/2023,van der Strigt,"United Center, Chicago",59799,14-4,2
Talent League,Golden State Warriors,Olympiakos Piraeus BC,07/01/2023,Hulskes,The Palace of Auburn Hills,3469,66-190,0
Talent League,Golden State Warriors,Veeningen BC,05/01/2023,Langevoort,Holwerd Stadion,10529,200-107,1
Talent League,Golden State Warriors,Milwaukee Bucks,19/01/2023,van der Flaas,Haghorst Stadion,28019,147-27,3
Talent League,Golden State Warriors,BC Blokker,17/01/2023,de Graaf,Ubbena Arena,15148,198-88,7
Talent League,Golden State Warriors,Someren CSKA,27/12/2022,van Daal,Steyl Olympic Stadium,44751,3-71,1
Talent League,Golden State Warriors,Nijeberkoop CSKA,11/01/2023,Langevoort,Beerta Park,46946,187-12,3
Talent League,Golden State Warriors,Barendrecht BC,08/01/2023,van der Flaas,Madison Square Garden,16697,52-192,9
Talent League,Golden State Warriors,Maccabi Electra Tel Aviv BC,28/12/2022,van der Flaas,KFC Yum! Center,57662,164-95,96
Talent League,Golden State Warriors,Haaren BC,15/01/2023,Janssen,Obdam Arena,54779,111-199,3
Talent League,Golden State Warriors,Noordhorn CSKA,06/01/2023,van Daal,Philippine Arena,25769,99-107,8
Talent League,Golden State Warriors,Dinamo Eygelshoven,19/01/2023,Hulskes,Wierum Park,39471,27-131,4
Talent League,Golden State Warriors,CSKA Moskou,05/01/2023,van Daal,Beerta Park,16592,98-184,3
Talent League,Golden State Warriors,Heteren BC,07/01/2023,Hulskes,Madison Square Garden,7890,45-90,3
Talent League,Golden State Warriors,Boston Celtics,16/01/2023,Rademaker,Holwerd Stadion,43375,31-64,4
Talent League,Golden State Warriors,NY Knicks,05/01/2023,van der Strigt,Obdam Arena,45548,31-78,3
Talent League,Golden State Warriors,Dinamo Wehe-den Hoorn,14/01/2023,van der Strigt,Haghorst Stadion,21594,61-76,74
Talent League,Golden State Warriors,Los Angeles Lakers,14/01/2023,Rademaker,Visvliet Arena,8749,178-20,8
Talent League,BC Blokker,Ammerzoden BC,19/01/2023,Langevoort,Holwerd Stadion,40117,163-74,0
Talent League,BC Blokker,Panathinaikos BC,29/12/2022,Hulskes,Winterswijk Ratum Stadium,47408,6-62,8
Talent League,BC Blokker,Olympiakos Piraeus BC,09/01/2023,Kuijpers,Haghorst Stadion,52449,18-145,2
Talent League,BC Blokker,Veeningen BC,11/01/2023,Hulskes,Steyl Olympic Stadium,30497,160-164,1
Talent League,BC Blokker,Milwaukee Bucks,15/01/2023,Janssen,Houten Stadium,3868,40-94,0
Talent League,BC Blokker,Golden State Warriors,07/01/2023,van der Strigt,Steyl Olympic Stadium,32450,42-182,1
Talent League,BC Blokker,Someren CSKA,06/01/2023,de Graaf,Ubbena Arena,51589,72-118,0
Talent League,BC Blokker,Nijeberkoop CSKA,10/01/2023,van der Strigt,Winterswijk Ratum Stadium,7371,162-63,5
Talent League,BC Blokker,Barendrecht BC,12/01/2023,Janssen,KFC Yum! Center,50743,188-141,8
Talent League,BC Blokker,Maccabi Electra Tel Aviv BC,08/01/2023,Janssen,Terkaple Arena,53174,162-81,0
Talent League,BC Blokker,Haaren BC,15/01/2023,van Daal,Philippine Arena,47809,135-133,7
Talent League,BC Blokker,Noordhorn CSKA,01/01/2023,van Daal,Haghorst Stadion,53018,17-77,6
Talent League,BC Blokker,Dinamo Eygelshoven,09/01/2023,van der Strigt,Madison Square Garden,5368,182-15,0
Talent League,BC Blokker,CSKA Moskou,14/01/2023,Janssen,Nij Altoenae Arena,52682,148-99,2
Talent League,BC Blokker,Heteren BC,20/01/2023,van Daal,Steyl Olympic Stadium,57639,120-47,16
Talent League,BC Blokker,Boston Celtics,16/01/2023,Kuijpers,KFC Yum! Center,26330,24-175,0
Talent League,BC Blokker,NY Knicks,11/01/2023,van Daal,KFC Yum! Center,13057,88-39,6
Talent League,BC Blokker,Dinamo Wehe-den Hoorn,28/12/2022,van Daal,Megen Arena,52320,81-137,7
Talent League,BC Blokker,Los Angeles Lakers,02/01/2023,van Daal,Houten Stadium,14735,132-151,2
Talent League,Someren CSKA,Ammerzoden BC,16/01/2023,Langevoort,Beerta Park,15006,173-129,10
Talent League,Someren CSKA,Panathinaikos BC,20/01/2023,Rademaker,KFC Yum! Center,44286,80-1,3
Talent League,Someren CSKA,Olympiakos Piraeus BC,21/01/2023,Kuijpers,KFC Yum! Center,30555,134-26,0
Talent League,Someren CSKA,Veeningen BC,01/01/2023,Kuijpers,The Palace of Auburn Hills,37667,53-96,81
Talent League,Someren CSKA,Milwaukee Bucks,26/12/2022,Janssen,Holwerd Stadion,27185,115-170,6
Talent League,Someren CSKA,Golden State Warriors,31/12/2022,Langevoort,Oosterhesselen Stadium,43770,83-64,2
Talent League,Someren CSKA,BC Blokker,31/12/2022,Kuijpers,Madison Square Garden,9183,153-118,4
Talent League,Someren CSKA,Nijeberkoop CSKA,08/01/2023,Kuijpers,Obdam Arena,46020,104-37,4
Talent League,Someren CSKA,Barendrecht BC,06/01/2023,van der Strigt,Winterswijk Ratum Stadium,53072,93-183,2
Talent League,Someren CSKA,Maccabi Electra Tel Aviv BC,19/01/2023,van Daal,Terkaple Arena,35468,100-177,6
Talent League,Someren CSKA,Haaren BC,15/01/2023,Langevoort,Steyl Olympic Stadium,27900,146-114,8
Talent League,Someren CSKA,Noordhorn CSKA,16/01/2023,Hulskes,Winterswijk Ratum Stadium,32267,146-89,2
Talent League,Someren CSKA,Dinamo Eygelshoven,06/01/2023,Langevoort,"Rocket Mortgage FieldHouse, Cleveland",14050,188-79,2
Talent League,Someren CSKA,CSKA Moskou,10/01/2023,van der Flaas,Ubbena Arena,16382,91-110,4
Talent League,Someren CSKA,Heteren BC,14/01/2023,Janssen,Oosterhesselen Stadium,16466,193-148,0
Talent League,Someren CSKA,Boston Celtics,13/01/2023,van Daal,Visvliet Arena,51945,85-179,8
Talent League,Someren CSKA,NY Knicks,06/01/2023,Hulskes,Visvliet Arena,54719,112-3,8
Talent League,Someren CSKA,Dinamo Wehe-den Hoorn,07/01/2023,Janssen,Winterswijk Ratum Stadium,18644,64-84,0
Talent League,Someren CSKA,Los Angeles Lakers,13/01/2023,Langevoort,KFC Yum! Center,54334,166-61,7
Talent League,Nijeberkoop CSKA,Ammerzoden BC,21/01/2023,van der Flaas,Visvliet Arena,13590,128-173,20
Talent League,Nijeberkoop CSKA,Panathinaikos BC,14/01/2023,van der Flaas,Houten Stadium,52195,137-14,2
Talent League,Nijeberkoop CSKA,Olympiakos Piraeus BC,26/12/2022,van der Strigt,Oosterhesselen Stadium,13473,51-195,8
Talent League,Nijeberkoop CSKA,Veeningen BC,09/01/2023,Langevoort,Obdam Arena,56927,123-123,8
Talent League,Nijeberkoop CSKA,Milwaukee Bucks,13/01/2023,Hulskes,Ubbena Arena,38915,20-50,2
Talent League,Nijeberkoop CSKA,Golden State Warriors,08/01/2023,Janssen,Obdam Arena,59931,165-70,3
Talent League,Nijeberkoop CSKA,BC Blokker,02/01/2023,Kuijpers,Madison Square Garden,12159,188-197,10
Talent League,Nijeberkoop CSKA,Someren CSKA,29/12/2022,Janssen,Beerta Park,43363,0-115,2
Talent League,Nijeberkoop CSKA,Barendrecht BC,17/01/2023,Janssen,Haghorst Stadion,54471,189-181,47
Talent League,Nijeberkoop CSKA,Maccabi Electra Tel Aviv BC,09/01/2023,Janssen,KFC Yum! Center,45237,16-22,0
Talent League,Nijeberkoop CSKA,Haaren BC,20/01/2023,Janssen,Terkaple Arena,23075,117-162,2
Talent League,Nijeberkoop CSKA,Noordhorn CSKA,12/01/2023,van der Flaas,Holwerd Stadion,43493,153-193,9
Talent League,Nijeberkoop CSKA,Dinamo Eygelshoven,09/01/2023,van Daal,Houten Stadium,35137,110-26,4
Talent League,Nijeberkoop CSKA,CSKA Moskou,31/12/2022,van Daal,Nij Altoenae Arena,38282,196-1,0
Talent League,Nijeberkoop CSKA,Heteren BC,12/01/2023,Rademaker,Visvliet Arena,54803,107-155,1
Talent League,Nijeberkoop CSKA,Boston Celtics,08/01/2023,Kuijpers,KFC Yum! Center,31951,116-29,6
Talent League,Nijeberkoop CSKA,NY Knicks,21/01/2023,van der Flaas,Houten Stadium,9496,13-31,0
Talent League,Nijeberkoop CSKA,Dinamo Wehe-den Hoorn,10/01/2023,Hulskes,The Palace of Auburn Hills,33533,79-141,6
Talent League,Nijeberkoop CSKA,Los Angeles Lakers,28/12/2022,Langevoort,Houten Stadium,58369,97-146,10
Talent League,Barendrecht BC,Ammerzoden BC,14/01/2023,Hulskes,Ubbena Arena,31233,122-1,3
Talent League,Barendrecht BC,Panathinaikos BC,14/01/2023,van der Flaas,Winterswijk Ratum Stadium,10591,104-172,2
Talent League,Barendrecht BC,Olympiakos Piraeus BC,21/01/2023,van der Strigt,Philippine Arena,9431,123-132,8
Talent League,Barendrecht BC,Veeningen BC,09/01/2023,van Daal,Philippine Arena,19449,109-44,2
Talent League,Barendrecht BC,Milwaukee Bucks,10/01/2023,van der Flaas,Philippine Arena,47825,156-74,10
Talent League,Barendrecht BC,Golden State Warriors,13/01/2023,Langevoort,Madison Square Garden,47387,134-175,49
Talent League,Barendrecht BC,BC Blokker,15/01/2023,Kuijpers,Obdam Arena,42264,85-107,3
Talent League,Barendrecht BC,Someren CSKA,18/01/2023,Janssen,Terkaple Arena,55910,19-149,6
Talent League,Barendrecht BC,Nijeberkoop CSKA,21/01/2023,Langevoort,Visvliet Arena,52378,197-89,0
Talent League,Barendrecht BC,Maccabi Electra Tel Aviv BC,21/01/2023,van Daal,"United Center, Chicago",56192,120-11,3
Talent League,Barendrecht BC,Haaren BC,28/12/2022,Janssen,Steyl Olympic Stadium,57487,152-52,3
Talent League,Barendrecht BC,Noordhorn CSKA,31/12/2022,van Daal,"Rocket Mortgage FieldHouse, Cleveland",58957,98-5,2
Talent League,Barendrecht BC,Dinamo Eygelshoven,04/01/2023,van Daal,Visvliet Arena,10382,9-181,1
Talent League,Barendrecht BC,CSKA Moskou,02/01/2023,Rademaker,Nij Altoenae Arena,22240,29-105,19
Talent League,Barendrecht BC,Heteren BC,04/01/2023,van Daal,Terkaple Arena,13787,166-150,8
Talent League,Barendrecht BC,Boston Celtics,05/01/2023,Janssen,"United Center, Chicago",55309,59-8,1
Talent League,Barendrecht BC,NY Knicks,04/01/2023,Janssen,Haghorst Stadion,9161,74-53,3
Talent League,Barendrecht BC,Dinamo Wehe-den Hoorn,08/01/2023,Kuijpers,Steyl Olympic Stadium,55337,171-141,4
Talent League,Barendrecht BC,Los Angeles Lakers,12/01/2023,Janssen,"United Center, Chicago",43790,146-177,2
Talent League,Maccabi Electra Tel Aviv BC,Ammerzoden BC,19/01/2023,Kuijpers,"United Center, Chicago",27657,9-186,3
Talent League,Maccabi Electra Tel Aviv BC,Panathinaikos BC,12/01/2023,van der Strigt,Winterswijk Ratum Stadium,33098,178-196,0
Talent League,Maccabi Electra Tel Aviv BC,Olympiakos Piraeus BC,11/01/2023,Janssen,Houten Stadium,44734,56-105,0
Talent League,Maccabi Electra Tel Aviv BC,Veeningen BC,10/01/2023,van der Flaas,Houten Stadium,15403,92-145,2
Talent League,Maccabi Electra Tel Aviv BC,Milwaukee Bucks,19/01/2023,van Daal,The Palace of Auburn Hills,51913,153-179,3
Talent League,Maccabi Electra Tel Aviv BC,Golden State Warriors,30/12/2022,Rademaker,"Rocket Mortgage FieldHouse, Cleveland",38412,166-32,1
Talent League,Maccabi Electra Tel Aviv BC,BC Blokker,30/12/2022,de Graaf,Houten Stadium,26989,54-200,8
Talent League,Maccabi Electra Tel Aviv BC,Someren CSKA,12/01/2023,van der Strigt,Nij Altoenae Arena,38191,96-53,5
Talent League,Maccabi Electra Tel Aviv BC,Nijeberkoop CSKA,06/01/2023,Kuijpers,"Rocket Mortgage FieldHouse, Cleveland",25281,23-0,1
Talent League,Maccabi Electra Tel Aviv BC,Barendrecht BC,02/01/2023,van der Flaas,Visvliet Arena,47260,114-131,3
Talent League,Maccabi Electra Tel Aviv BC,Haaren BC,19/01/2023,van der Flaas,Ubbena Arena,8659,3-111,46
Talent League,Maccabi Electra Tel Aviv BC,Noordhorn CSKA,27/12/2022,Hulskes,Nij Altoenae Arena,35643,177-158,3
Talent League,Maccabi Electra Tel Aviv BC,Dinamo Eygelshoven,27/12/2022,Langevoort,Obdam Arena,34416,175-76,5
Talent League,Maccabi Electra Tel Aviv BC,CSKA Moskou,05/01/2023,van der Strigt,Oosterhesselen Stadium,59674,66-15,6
Talent League,Maccabi Electra Tel Aviv BC,Heteren BC,28/12/2022,Rademaker,Visvliet Arena,29336,156-28,2
Talent League,Maccabi Electra Tel Aviv BC,Boston Celtics,29/12/2022,de Graaf,Obdam Arena,25998,31-0,3
Talent League,Maccabi Electra Tel Aviv BC,NY Knicks,12/01/2023,Hulskes,Steyl Olympic Stadium,41256,163-129,1
Talent League,Maccabi Electra Tel Aviv BC,Dinamo Wehe-den Hoorn,18/01/2023,Langevoort,Philippine Arena,32149,79-126,1
Talent League,Maccabi Electra Tel Aviv BC,Los Angeles Lakers,07/01/2023,Rademaker,Houten Stadium,47388,17-119,59
Talent League,Haaren BC,Ammerzoden BC,10/01/2023,Rademaker,Philippine Arena,12702,162-12,6
Talent League,Haaren BC,Panathinaikos BC,10/01/2023,Rademaker,Megen Arena,28327,48-12,2
Talent League,Haaren BC,Olympiakos Piraeus BC,07/01/2023,Kuijpers,Holwerd Stadion,53356,136-53,0
Talent League,Haaren BC,Veeningen BC,01/01/2023,Langevoort,Madison Square Garden,42949,175-131,0
Talent League,Haaren BC,Milwaukee Bucks,03/01/2023,Janssen,Steyl Olympic Stadium,18927,154-30,3
Talent League,Haaren BC,Golden State Warriors,04/01/2023,Rademaker,Oosterhesselen Stadium,10668,158-102,5
Talent League,Haaren BC,BC Blokker,09/01/2023,Hulskes,Winterswijk Ratum Stadium,46835,41-144,5
Talent League,Haaren BC,Someren CSKA,20/01/2023,Rademaker,Madison Square Garden,36560,187-81,3
Talent League,Haaren BC,Nijeberkoop CSKA,16/01/2023,van der Strigt,Haghorst Stadion,29410,104-56,8
Talent League,Haaren BC,Barendrecht BC,01/01/2023,de Graaf,Oosterhesselen Stadium,38687,120-24,8
Talent League,Haaren BC,Maccabi Electra Tel Aviv BC,02/01/2023,Kuijpers,"United Center, Chicago",39773,2-199,0
Talent League,Haaren BC,Noordhorn CSKA,18/01/2023,van der Flaas,Steyl Olympic Stadium,28910,134-24,2
Talent League,Haaren BC,Dinamo Eygelshoven,02/01/2023,Kuijpers,Visvliet Arena,40709,83-166,7
Talent League,Haaren BC,CSKA Moskou,03/01/2023,van der Strigt,Haghorst Stadion,28233,9-122,1
Talent League,Haaren BC,Heteren BC,07/01/2023,Janssen,Houten Stadium,34331,26-97,9
Talent League,Haaren BC,Boston Celtics,02/01/2023,van der Strigt,Megen Arena,46104,113-70,39
Talent League,Haaren BC,NY Knicks,02/01/2023,Janssen,Steyl Olympic Stadium,45229,19-73,2
Talent League,Haaren BC,Dinamo Wehe-den Hoorn,12/01/2023,Hulskes,Obdam Arena,27419,75-136,10
Talent League,Haaren BC,Los Angeles Lakers,30/12/2022,van der Flaas,Winterswijk Ratum Stadium,30357,170-67,3
Talent League,Noordhorn CSKA,Ammerzoden BC,29/12/2022,de Graaf,"Rocket Mortgage FieldHouse, Cleveland",43102,95-190,2
Talent League,Noordhorn CSKA,Panathinaikos BC,27/12/2022,van Daal,Megen Arena,29155,149-32,3
Talent League,Noordhorn CSKA,Olympiakos Piraeus BC,08/01/2023,Janssen,Oosterhesselen Stadium,29500,18-4,1
Talent League,Noordhorn CSKA,Veeningen BC,29/12/2022,de Graaf,Megen Arena,19434,117-44,2
Talent League,Noordhorn CSKA,Milwaukee Bucks,17/01/2023,Kuijpers,"Rocket Mortgage FieldHouse, Cleveland",16832,90-30,41
Talent League,Noordhorn CSKA,Golden State Warriors,12/01/2023,Hulskes,"United Center, Chicago",59847,40-119,9
Talent League,Noordhorn CSKA,BC Blokker,05/01/2023,Hulskes,Megen Arena,34835,4-83,0
Talent League,Noordhorn CSKA,Someren CSKA,28/12/2022,Janssen,Megen Arena,32209,11-151,7
Talent League,Noordhorn CSKA,Nijeberkoop CSKA,19/01/2023,de Graaf,"United Center, Chicago",3732,119-186,6
Talent League,Noordhorn CSKA,Barendrecht BC,27/12/2022,Janssen,Obdam Arena,14034,153-74,2
Talent League,Noordhorn CSKA,Maccabi Electra Tel Aviv BC,16/01/2023,de Graaf,The Palace of Auburn Hills,8888,58-165,9
Talent League,Noordhorn CSKA,Haaren BC,02/01/2023,van der Strigt,Ubbena Arena,15908,55-71,9
Talent League,Noordhorn CSKA,Dinamo Eygelshoven,30/12/2022,de Graaf,Philippine Arena,14215,1-22,2
Talent League,Noordhorn CSKA,CSKA Moskou,07/01/2023,van Daal,KFC Yum! Center,24849,180-82,4
Talent League,Noordhorn CSKA,Heteren BC,18/01/2023,Kuijpers,Steyl Olympic Stadium,34043,158-3,0
Talent League,Noordhorn CSKA,Boston Celtics,20/01/2023,van der Flaas,Wierum Park,40562,78-192,0
Talent League,Noordhorn CSKA,NY Knicks,02/01/2023,Kuijpers,Nij Altoenae Arena,27667,88-184,3
Talent League,Noordhorn CSKA,Dinamo Wehe-den Hoorn,19/01/2023,Hulskes,"United Center, Chicago",34022,127-109,5
Talent League,Noordhorn CSKA,Los Angeles Lakers,03/01/2023,Langevoort,Steyl Olympic Stadium,12874,104-27,1
Talent League,Dinamo Eygelshoven,Ammerzoden BC,02/01/2023,Langevoort,Visvliet Arena,12808,4-131,8
Talent League,Dinamo Eygelshoven,Panathinaikos BC,02/01/2023,Kuijpers,Terkaple Arena,26222,27-156,86
Talent League,Dinamo Eygelshoven,Olympiakos Piraeus BC,11/01/2023,Janssen,Oosterhesselen Stadium,4328,140-200,2
Talent League,Dinamo Eygelshoven,Veeningen BC,13/01/2023,Langevoort,Nij Altoenae Arena,46025,87-154,3
Talent League,Dinamo Eygelshoven,Milwaukee Bucks,08/01/2023,Langevoort,"United Center, Chicago",9860,123-154,4
Talent League,Dinamo Eygelshoven,Golden State Warriors,18/01/2023,Hulskes,Houten Stadium,37644,148-9,1
Talent League,Dinamo Eygelshoven,BC Blokker,07/01/2023,de Graaf,KFC Yum! Center,30182,166-182,4
Talent League,Dinamo Eygelshoven,Someren CSKA,16/01/2023,Rademaker,Visvliet Arena,36634,142-75,10
Talent League,Dinamo Eygelshoven,Nijeberkoop CSKA,03/01/2023,Janssen,Houten Stadium,12789,83-90,1
Talent League,Dinamo Eygelshoven,Barendrecht BC,18/01/2023,Rademaker,Oosterhesselen Stadium,15634,121-46,18
Talent League,Dinamo Eygelshoven,Maccabi Electra Tel Aviv BC,21/01/2023,van der Flaas,Winterswijk Ratum Stadium,45473,73-20,10
Talent League,Dinamo Eygelshoven,Haaren BC,09/01/2023,Langevoort,Beerta Park,26188,165-48,3
Talent League,Dinamo Eygelshoven,Noordhorn CSKA,20/01/2023,Kuijpers,"United Center, Chicago",27667,38-21,6
Talent League,Dinamo Eygelshoven,CSKA Moskou,29/12/2022,de Graaf,Ubbena Arena,59180,18-200,0
Talent League,Dinamo Eygelshoven,Heteren BC,21/01/2023,van der Flaas,Beerta Park,55982,191-186,0
Talent League,Dinamo Eygelshoven,Boston Celtics,07/01/2023,Janssen,Beerta Park,59040,186-192,3
Talent League,Dinamo Eygelshoven,NY Knicks,09/01/2023,Janssen,"Rocket Mortgage FieldHouse, Cleveland",5734,72-171,4
Talent League,Dinamo Eygelshoven,Dinamo Wehe-den Hoorn,20/01/2023,Kuijpers,"United Center, Chicago",24519,167-64,2
Talent League,Dinamo Eygelshoven,Los Angeles Lakers,11/01/2023,de Graaf,Visvliet Arena,16266,177-119,7
Talent League,CSKA Moskou,Ammerzoden BC,16/01/2023,Langevoort,The Palace of Auburn Hills,14935,46-120,7
Talent League,CSKA Moskou,Panathinaikos BC,27/12/2022,Janssen,"United Center, Chicago",37682,88-59,2
Talent League,CSKA Moskou,Olympiakos Piraeus BC,06/01/2023,van Daal,Visvliet Arena,47610,62-61,8
Talent League,CSKA Moskou,Veeningen BC,17/01/2023,Rademaker,Wierum Park,28142,4-47,1
Talent League,CSKA Moskou,Milwaukee Bucks,10/01/2023,Rademaker,Wierum Park,58093,174-116,2
Talent League,CSKA Moskou,Golden State Warriors,03/01/2023,Langevoort,Haghorst Stadion,19662,130-160,7
Talent League,CSKA Moskou,BC Blokker,06/01/2023,van Daal,"United Center, Chicago",5467,148-30,79
Talent League,CSKA Moskou,Someren CSKA,20/01/2023,van der Flaas,"United Center, Chicago",18129,53-130,0
Talent League,CSKA Moskou,Nijeberkoop CSKA,12/01/2023,Hulskes,The Palace of Auburn Hills,35036,39-114,3
Talent League,CSKA Moskou,Barendrecht BC,10/01/2023,Rademaker,Ubbena Arena,44876,155-141,0
Talent League,CSKA Moskou,Maccabi Electra Tel Aviv BC,09/01/2023,Langevoort,Wierum Park,23625,1-16,0
Talent League,CSKA Moskou,Haaren BC,28/12/2022,van Daal,Wierum Park,7658,145-155,1
Talent League,CSKA Moskou,Noordhorn CSKA,19/01/2023,van Daal,Beerta Park,19347,84-169,10
Talent League,CSKA Moskou,Dinamo Eygelshoven,11/01/2023,Janssen,Holwerd Stadion,47567,181-143,0
Talent League,CSKA Moskou,Heteren BC,06/01/2023,van Daal,Houten Stadium,17838,37-11,12
Talent League,CSKA Moskou,Boston Celtics,29/12/2022,van der Strigt,Terkaple Arena,40286,84-7,0
Talent League,CSKA Moskou,NY Knicks,08/01/2023,van Daal,Houten Stadium,24044,44-40,2
Talent League,CSKA Moskou,Dinamo Wehe-den Hoorn,11/01/2023,Rademaker,Ubbena Arena,49535,198-112,5
Talent League,CSKA Moskou,Los Angeles Lakers,13/01/2023,van der Strigt,Houten Stadium,4559,91-61,5
Talent League,Heteren BC,Ammerzoden BC,27/12/2022,Kuijpers,"Rocket Mortgage FieldHouse, Cleveland",47354,35-50,3
Talent League,Heteren BC,Panathinaikos BC,29/12/2022,Rademaker,Visvliet Arena,34052,189-54,3
Talent League,Heteren BC,Olympiakos Piraeus BC,03/01/2023,Hulskes,Madison Square Garden,12031,75-99,6
Talent League,Heteren BC,Veeningen BC,05/01/2023,van Daal,Oosterhesselen Stadium,58956,62-155,1
Talent League,Heteren BC,Milwaukee Bucks,19/01/2023,van Daal,The Palace of Auburn Hills,30998,164-45,1
Talent League,Heteren BC,Golden State Warriors,03/01/2023,Hulskes,Holwerd Stadion,19532,127-20,5
Talent League,Heteren BC,BC Blokker,08/01/2023,Janssen,Wierum Park,5578,49-72,0
Talent League,Heteren BC,Someren CSKA,27/12/2022,van Daal,The Palace of Auburn Hills,6902,27-61,7
Talent League,Heteren BC,Nijeberkoop CSKA,28/12/2022,van Daal,"United Center, Chicago",15318,171-63,3
Talent League,Heteren BC,Barendrecht BC,03/01/2023,van der Strigt,Winterswijk Ratum Stadium,47277,194-155,1
Talent League,Heteren BC,Maccabi Electra Tel Aviv BC,20/01/2023,Rademaker,Terkaple Arena,45070,71-39,5
Talent League,Heteren BC,Haaren BC,19/01/2023,Janssen,"United Center, Chicago",45246,167-137,51
Talent League,Heteren BC,Noordhorn CSKA,31/12/2022,de Graaf,Philippine Arena,5129,85-83,0
Talent League,Heteren BC,Dinamo Eygelshoven,05/01/2023,Janssen,"United Center, Chicago",20682,78-140,9
Talent League,Heteren BC,CSKA Moskou,13/01/2023,Hulskes,Megen Arena,48725,150-153,1
Talent League,Heteren BC,Boston Celtics,05/01/2023,Rademaker,Haghorst Stadion,54235,46-91,2
Talent League,Heteren BC,NY Knicks,11/01/2023,Janssen,Beerta Park,21768,77-156,8
Talent League,Heteren BC,Dinamo Wehe-den Hoorn,05/01/2023,Rademaker,Beerta Park,53383,159-14,4
Talent League,Heteren BC,Los Angeles Lakers,27/12/2022,Janssen,KFC Yum! Center,14561,71-46,2
Talent League,Boston Celtics,Ammerzoden BC,11/01/2023,de Graaf,Oosterhesselen Stadium,10061,159-90,28
Talent League,Boston Celtics,Panathinaikos BC,20/01/2023,de Graaf,The Palace of Auburn Hills,32002,87-77,10
Talent League,Boston Celtics,Olympiakos Piraeus BC,10/01/2023,van Daal,Wierum Park,52177,198-188,3
Talent League,Boston Celtics,Veeningen BC,16/01/2023,van der Flaas,Houten Stadium,40666,25-52,5
Talent League,Boston Celtics,Milwaukee Bucks,04/01/2023,Rademaker,"Rocket Mortgage FieldHouse, Cleveland",32800,5-5,6
Talent League,Boston Celtics,Golden State Warriors,17/01/2023,van Daal,"United Center, Chicago",37358,195-118,3
Talent League,Boston Celtics,BC Blokker,26/12/2022,Kuijpers,Winterswijk Ratum Stadium,46574,191-109,1
Talent League,Boston Celtics,Someren CSKA,13/01/2023,Janssen,Houten Stadium,8214,157-41,9
Talent League,Boston Celtics,Nijeberkoop CSKA,05/01/2023,de Graaf,Steyl Olympic Stadium,38548,73-103,1
Talent League,Boston Celtics,Barendrecht BC,14/01/2023,Rademaker,KFC Yum! Center,56090,39-125,3
Talent League,Boston Celtics,Maccabi Electra Tel Aviv BC,14/01/2023,van der Flaas,"United Center, Chicago",6781,197-14,1
Talent League,Boston Celtics,Haaren BC,26/12/2022,Langevoort,Oosterhesselen Stadium,17002,179-173,2
Talent League,Boston Celtics,Noordhorn CSKA,18/01/2023,Langevoort,"Rocket Mortgage FieldHouse, Cleveland",18291,99-181,10
Talent League,Boston Celtics,Dinamo Eygelshoven,09/01/2023,van der Flaas,Nij Altoenae Arena,7977,181-162,7
Talent League,Boston Celtics,CSKA Moskou,13/01/2023,van der Flaas,Winterswijk Ratum Stadium,4804,21-27,3
Talent League,Boston Celtics,Heteren BC,10/01/2023,Langevoort,Obdam Arena,26678,33-139,7
Talent League,Boston Celtics,NY Knicks,07/01/2023,Janssen,Terkaple Arena,39254,51-138,96
Talent League,Boston Celtics,Dinamo Wehe-den Hoorn,04/01/2023,Hulskes,Steyl Olympic Stadium,46914,194-133,3
Talent League,Boston Celtics,Los Angeles Lakers,12/01/2023,de Graaf,Oosterhesselen Stadium,48122,17-147,1
Talent League,NY Knicks,Ammerzoden BC,10/01/2023,van der Flaas,The Palace of Auburn Hills,16585,57-149,2
Talent League,NY Knicks,Panathinaikos BC,17/01/2023,Rademaker,Haghorst Stadion,55319,5-84,0
Talent League,NY Knicks,Olympiakos Piraeus BC,13/01/2023,van Daal,Visvliet Arena,41618,77-24,10
Talent League,NY Knicks,Veeningen BC,20/01/2023,Janssen,Megen Arena,17821,59-122,5
Talent League,NY Knicks,Milwaukee Bucks,18/01/2023,van Daal,Madison Square Garden,10832,20-198,0
Talent League,NY Knicks,Golden State Warriors,06/01/2023,van Daal,Obdam Arena,59104,8-127,13
Talent League,NY Knicks,BC Blokker,09/01/2023,van der Flaas,Holwerd Stadion,39999,11-179,5
Talent League,NY Knicks,Someren CSKA,07/01/2023,van der Strigt,Megen Arena,52161,20-178,3
Talent League,NY Knicks,Nijeberkoop CSKA,10/01/2023,Janssen,Haghorst Stadion,43010,36-47,4
Talent League,NY Knicks,Barendrecht BC,31/12/2022,Janssen,Beerta Park,37308,177-144,7
Talent League,NY Knicks,Maccabi Electra Tel Aviv BC,11/01/2023,Langevoort,Visvliet Arena,26560,177-149,3
Talent League,NY Knicks,Haaren BC,19/01/2023,Rademaker,Obdam Arena,23095,40-64,8
Talent League,NY Knicks,Noordhorn CSKA,12/01/2023,van der Flaas,"United Center, Chicago",46559,168-62,2
Talent League,NY Knicks,Dinamo Eygelshoven,31/12/2022,Hulskes,Steyl Olympic Stadium,7578,5-122,2
Talent League,NY Knicks,CSKA Moskou,04/01/2023,Janssen,Oosterhesselen Stadium,12516,65-151,8
Talent League,NY Knicks,Heteren BC,20/01/2023,van der Strigt,Houten Stadium,19209,46-157,3
Talent League,NY Knicks,Boston Celtics,29/12/2022,Langevoort,Nij Altoenae Arena,45564,180-99,1
Talent League,NY Knicks,Dinamo Wehe-den Hoorn,02/01/2023,van der Strigt,Ubbena Arena,40372,43-196,6
Talent League,NY Knicks,Los Angeles Lakers,16/01/2023,Janssen,Terkaple Arena,10964,82-116,3
Talent League,Dinamo Wehe-den Hoorn,Ammerzoden BC,19/01/2023,Kuijpers,Megen Arena,28569,94-33,2
Talent League,Dinamo Wehe-den Hoorn,Panathinaikos BC,20/01/2023,Langevoort,Terkaple Arena,40786,169-89,4
Talent League,Dinamo Wehe-den Hoorn,Olympiakos Piraeus BC,01/01/2023,Rademaker,KFC Yum! Center,17832,103-147,11
Talent League,Dinamo Wehe-den Hoorn,Veeningen BC,09/01/2023,de Graaf,Obdam Arena,27105,86-2,1
Talent League,Dinamo Wehe-den Hoorn,Milwaukee Bucks,15/01/2023,Langevoort,Winterswijk Ratum Stadium,24019,123-15,4
Talent League,Dinamo Wehe-den Hoorn,Golden State Warriors,16/01/2023,Hulskes,Philippine Arena,35071,9-77,7
Talent League,Dinamo Wehe-den Hoorn,BC Blokker,06/01/2023,van der Flaas,Ubbena Arena,47832,67-115,3
Talent League,Dinamo Wehe-den Hoorn,Someren CSKA,08/01/2023,van Daal,Beerta Park,26510,183-131,3
Talent League,Dinamo Wehe-den Hoorn,Nijeberkoop CSKA,26/12/2022,Rademaker,Obdam Arena,27501,14-141,2
Talent League,Dinamo Wehe-den Hoorn,Barendrecht BC,09/01/2023,Langevoort,Madison Square Garden,53839,105-199,3
Talent League,Dinamo Wehe-den Hoorn,Maccabi Electra Tel Aviv BC,15/01/2023,van der Strigt,Beerta Park,31047,128-97,60
Talent League,Dinamo Wehe-den Hoorn,Haaren BC,11/01/2023,Kuijpers,"United Center, Chicago",24989,185-47,4
Talent League,Dinamo Wehe-den Hoorn,Noordhorn CSKA,01/01/2023,de Graaf,Beerta Park,40436,175-182,1
Talent League,Dinamo Wehe-den Hoorn,Dinamo Eygelshoven,15/01/2023,Janssen,Ubbena Arena,17999,97-70,7
Talent League,Dinamo Wehe-den Hoorn,CSKA Moskou,11/01/2023,van der Strigt,Visvliet Arena,16915,6-73,6
Talent League,Dinamo Wehe-den Hoorn,Heteren BC,13/01/2023,van Daal,Madison Square Garden,4787,147-78,3
Talent League,Dinamo Wehe-den Hoorn,Boston Celtics,21/01/2023,Janssen,Haghorst Stadion,40808,123-130,3
Talent League,Dinamo Wehe-den Hoorn,NY Knicks,29/12/2022,van der Strigt,Terkaple Arena,22934,47-179,4
Talent League,Dinamo Wehe-den Hoorn,Los Angeles Lakers,31/12/2022,Hulskes,The Palace of Auburn Hills,49919,91-154,3
Talent League,Los Angeles Lakers,Ammerzoden BC,01/01/2023,Hulskes,Megen Arena,24407,154-112,10
Talent League,Los Angeles Lakers,Panathinaikos BC,16/01/2023,van Daal,Visvliet Arena,6120,34-24,7
Talent League,Los Angeles Lakers,Olympiakos Piraeus BC,09/01/2023,van der Flaas,Steyl Olympic Stadium,16897,56-145,1
Talent League,Los Angeles Lakers,Veeningen BC,04/01/2023,Janssen,The Palace of Auburn Hills,58917,11-58,4
Talent League,Los Angeles Lakers,Milwaukee Bucks,17/01/2023,de Graaf,The Palace of Auburn Hills,34004,93-2,9
Talent League,Los Angeles Lakers,Golden State Warriors,27/12/2022,Janssen,Steyl Olympic Stadium,19011,193-7,1
Talent League,Los Angeles Lakers,BC Blokker,12/01/2023,de Graaf,Obdam Arena,45988,174-181,3
Talent League,Los Angeles Lakers,Someren CSKA,10/01/2023,Langevoort,KFC Yum! Center,32978,119-121,95
Talent League,Los Angeles Lakers,Nijeberkoop CSKA,13/01/2023,Janssen,Madison Square Garden,16656,124-152,1
Talent League,Los Angeles Lakers,Barendrecht BC,18/01/2023,Kuijpers,KFC Yum! Center,13983,12-199,6
Talent League,Los Angeles Lakers,Maccabi Electra Tel Aviv BC,14/01/2023,van Daal,Visvliet Arena,56271,90-134,5
Talent League,Los Angeles Lakers,Haaren BC,19/01/2023,Kuijpers,Houten Stadium,53990,74-49,2
Talent League,Los Angeles Lakers,Noordhorn CSKA,04/01/2023,Janssen,Visvliet Arena,42802,177-200,10
Talent League,Los Angeles Lakers,Dinamo Eygelshoven,27/12/2022,Janssen,Obdam Arena,52444,77-110,9
Talent League,Los Angeles Lakers,CSKA Moskou,06/01/2023,van Daal,KFC Yum! Center,23699,112-104,1
Talent League,Los Angeles Lakers,Heteren BC,13/01/2023,van Daal,Houten Stadium,39765,189-59,57
Talent League,Los Angeles Lakers,Boston Celtics,04/01/2023,Kuijpers,Haghorst Stadion,46374,110-174,6
Talent League,Los Angeles Lakers,NY Knicks,01/01/2023,van Daal,The Palace of Auburn Hills,20380,200-7,3
Talent League,Los Angeles Lakers,Dinamo Wehe-den Hoorn,13/01/2023,Langevoort,Haghorst Stadion,55148,45-80,1
